,Parameter,Mean of Top 100 Fit Estimates,Std of Top 100 Fit Estimates,Max of Top 100 Fit Estimates,Min of Top 1% Fit Estimates,Best Fit Estimate,Best Fit NMSE
VSV,p(walk),0.99964,6.56e-11,0.99964,0.99964,0.99964,1.79e-04
MeV,p(walk),0.99961,1.32e-09,0.99961,0.99961,0.99961,2.14e-03
PIV2,p(walk),0.9997,8.67e-12,0.9997,0.9997,0.9997,1.80e+01
PIV3,p(walk),0.99979,8.18e-10,0.99979,0.99979,0.99979,5.57e+00
PIV5,p(walk),0.99971,1.26e-10,0.99971,0.99971,0.99971,3.39e+00
MuV,p(walk),0.99975,6.78e-10,0.99975,0.99975,0.99975,3.12e+00
