,Mean of Top 100 Fit Estimates,Std of Top 100 Fit Estimates,Max of Top 100 Fit Estimates,Min of Top 1% Fit Estimates,Best Fit Estimate
p(walk),0.9998512815303358,1.1233852116531843e-09,0.9998512829211019,0.9998512798061467,0.9998512829211019
