,Mean of Top 100 Fit Estimates,Std of Top 100 Fit Estimates,Max of Top 100 Fit Estimates,Min of Top 1% Fit Estimates,Best Fit Estimate,Best Fit NMSE
p(walk),0.9996974273885675,8.671231926087395e-12,0.9996974274024865,0.9996974273682905,0.9996974273964528,17.959624724969718
