,Mean of Top 100 Fit Estimates,Std of Top 100 Fit Estimates,Max of Top 100 Fit Estimates,Min of Top 1% Fit Estimates,Best Fit Estimate
p(walk),0.9997067875749722,9.873052903864225e-11,0.9997067877569898,0.9997067874456677,0.9997067877522214
