,Mean of Top 100 Fit Estimates,Std of Top 100 Fit Estimates,Max of Top 100 Fit Estimates,Min of Top 1% Fit Estimates,Best Fit Estimate
p(walk),0.9998963762021431,1.0235008113586509e-10,0.9998963763217527,0.9998963760490303,0.9998963763163654
