,Mean of Top 100 Fit Estimates,Std of Top 100 Fit Estimates,Max of Top 100 Fit Estimates,Min of Top 100 Fit Estimates,Best Fit Estimate,Best Fit NMSE
p(walk),0.999721089025014,1.4899692187822725e-10,0.999721089207053,0.9997210886431094,0.9997210891850604,20.320814448733536
ptransc,0.979339483900346,3.2359580483957094e-07,0.9793400310647221,0.9793386427377152,0.9793393195640854,20.320814448733536
