,Mean of Top 100 Fit Estimates,Std of Top 100 Fit Estimates,Max of Top 100 Fit Estimates,Min of Top 100 Fit Estimates,Best Fit Estimate,Best Fit WMSE
p(walk),0.9998221080622406,3.130008665284701e-08,0.9998221686043732,0.9998220704440277,0.9998221686043732,5.634628283072302
ptransc,0.060813892165094495,5.734978764681645e-05,0.060924814269449526,0.06074589797378044,0.060924814269449526,5.634628283072302
