,Mean of Top 100 Fit Estimates,Std of Top 100 Fit Estimates,Max of Top 100 Fit Estimates,Min of Top 100 Fit Estimates,Best Fit Estimate,Best Fit WMSE
p(walk),0.9998614386765355,1.4313703579322608e-09,0.9998614423616197,0.9998614369149637,0.9998614423616197,14.250138237932058
ptransc,0.16778864520869888,1.4937844389555922e-05,0.16781968855503282,0.16776549321756862,0.16780818140998746,14.250138237932058
