,Mean of Top 100 Fit Estimates,Std of Top 100 Fit Estimates,Max of Top 100 Fit Estimates,Min of Top 100 Fit Estimates,Best Fit Estimate,Best Fit WMSE
p(walk),0.9997210889920027,1.7540319853526421e-10,0.9997210892064847,0.9997210885006522,0.999721089198597,20.3208144487335
ptransc,0.9793395142923679,3.6475478340717945e-07,0.9793401761461741,0.9793385105501738,0.9793393587068763,20.3208144487335
