,Parameter,Mean of Top 100 Fit Estimates,Std of Top 100 Fit Estimates,Max of Top 100 Fit Estimates,Min of Top 100 Fit Estimates,Best Fit Estimate,Best Fit WMSE
VSV,p(walk),0.99964,6.11e-11,0.99964,0.99964,0.99964,1.79e-04
MeV,p(walk),0.99961,1.50e-09,0.99961,0.99961,0.99961,2.14e-03
PIV2,p(walk),0.9997,1.94e-11,0.9997,0.9997,0.9997,1.80e+01
PIV3,p(walk),0.99979,7.25e-10,0.99979,0.99979,0.99979,5.57e+00
PIV5,p(walk),0.99971,1.18e-10,0.99971,0.99971,0.99971,3.39e+00
MuV,p(walk),0.99975,6.26e-10,0.99975,0.99975,0.99975,3.12e+00
EBOV,p(walk),0.99979,1.27e-09,0.99979,0.99979,0.99979,9.39e+00
MV,p(walk),0.99985,1.25e-09,0.99985,0.99985,0.99985,2.13e+01
RSV,p(walk),0.99957,9.75e-11,0.99957,0.99957,0.99957,4.21e+01
