,Mean of Top 100 Fit Estimates,Std of Top 100 Fit Estimates,Max of Top 100 Fit Estimates,Min of Top 100 Fit Estimates,Best Fit Estimate,Best Fit WMSE
p(walk),0.9997864366993325,1.2700149009328971e-09,0.9997864410361205,0.9997864360371371,0.9997864410361205,9.393720642138097
