,Mean of Top 100 Fit Estimates,Std of Top 100 Fit Estimates,Max of Top 100 Fit Estimates,Min of Top 100 Fit Estimates,Best Fit Estimate,Best Fit WMSE
p(walk),0.9996131716366062,1.5048204442520116e-09,0.9996131745052763,0.9996131703019911,0.9996131745052763,0.002138144817140972
