,Mean of Top 100 Fit Estimates,Std of Top 100 Fit Estimates,Max of Top 100 Fit Estimates,Min of Top 100 Fit Estimates,Best Fit Estimate,Best Fit Log Likelihood
p(walk),0.9997187285879007,8.017015677081878e-12,0.9997187286031469,0.9997187285764038,0.9997187285825125,-796932.4496752799
