,Mean of Top 100 Fit Estimates,Std of Top 100 Fit Estimates,Max of Top 100 Fit Estimates,Min of Top 100 Fit Estimates,Best Fit Estimate,Best Fit WMSE
p(walk),0.9997532041774637,6.260864659795621e-10,0.9997532048998281,0.9997532030922757,0.9997532048956668,3.1179662379519373
