,Mean of Top 100 Fit Estimates,Std of Top 100 Fit Estimates,Max of Top 100 Fit Estimates,Min of Top 100 Fit Estimates,Best Fit Estimate,Best Fit WMSE
p(walk),0.9998505944403486,1.2541241781895405e-09,0.9998505959031976,0.9998505923535786,0.9998505959018625,21.288908344494107
