,Mean of Top 100 Fit Estimates,Std of Top 100 Fit Estimates,Max of Top 100 Fit Estimates,Min of Top 100 Fit Estimates,Best Fit Estimate,Best Fit Log Likelihood
p(walk),0.9997001994640281,8.290262217631788e-12,0.999700199483435,0.9997001994470014,0.9997001994732022,-831545.1008276937
