,Mean of Top 100 Fit Estimates,Std of Top 100 Fit Estimates,Max of Top 100 Fit Estimates,Min of Top 100 Fit Estimates,Best Fit Estimate,Best Fit WMSE
p(walk),0.9996974273788239,1.94404047588634e-11,0.9996974274012296,0.9996974273324409,0.9996974273957058,17.95962472496972
