,Mean of Top 100 Fit Estimates,Std of Top 100 Fit Estimates,Max of Top 100 Fit Estimates,Min of Top 100 Fit Estimates,Best Fit Estimate,Best Fit Log Likelihood
p(walk),0.9998412481412466,5.5089168211860274e-12,0.9998412481553481,0.999841248129177,0.9998412481388879,-1053596.009075957
