,Mean of Top 100 Fit Estimates,Std of Top 100 Fit Estimates,Max of Top 100 Fit Estimates,Min of Top 100 Fit Estimates,Best Fit Estimate,Best Fit Log Likelihood
p(walk),0.9997424370383319,7.479547661315383e-12,0.9997424370554828,0.9997424370229097,0.9997424370521008,-186400.62807898037
