,Mean of Top 100 Fit Estimates,Std of Top 100 Fit Estimates,Max of Top 100 Fit Estimates,Min of Top 100 Fit Estimates,Best Fit Estimate,Best Fit WMSE
p(walk),0.9997072423444315,1.1757734519290682e-10,0.999707242526613,0.9997072422064366,0.99970724252291,3.3936065352734084
