,Mean of Top 100 Fit Estimates,Std of Top 100 Fit Estimates,Max of Top 100 Fit Estimates,Min of Top 100 Fit Estimates,Best Fit Estimate,Best Fit WMSE
p(walk),0.9995652002901764,9.751902803634425e-11,0.9995652004052832,0.9995652001231472,0.9995652003999862,42.083395203626786
