,Mean of Top 100 Fit Estimates,Std of Top 100 Fit Estimates,Max of Top 100 Fit Estimates,Min of Top 100 Fit Estimates,Best Fit Estimate,Best Fit WMSE
p(walk),0.9996405806631192,6.106065360634601e-11,0.9996405807332513,0.999640580527854,0.999640580729854,0.00017867291997832505
