,Virus,Parameter,Mean,2.5% Quantile,50% Quantile,97.5% Quantile
0,RSV,p(walk),0.9997438520546629,0.99974,0.9997437698512267,0.9997452641906914
1,RSV,ptransc,0.9399127538370157,0.9314853972951723,0.9389320957382653,0.9466858491233295
2,EBOV,p(walk),0.9998265187783449,0.9998242725078496,0.9998258933829258,0.9998327337959478
3,EBOV,ptransc,0.004872266575905242,0.0013188076588474002,0.0017346040492007633,0.022324035883038988
4,MV,p(walk),0.9998473024837031,0.9998376366685918,0.9998472349939003,0.9998586688076552
5,MV,ptransc,0.10285564763582199,0.08112545064187589,0.09707819168415543,0.16520941648287005
