,Mean of Top 100 Fit Estimates,Std of Top 100 Fit Estimates,Max of Top 100 Fit Estimates,Min of Top 1% Fit Estimates,Best Fit Estimate
p(walk),0.9997728727969268,1.6876100571049673e-09,0.9997728762076961,0.9997728713259466,0.9997728762076961
