,Mean of Top 100 Fit Estimates,Std of Top 100 Fit Estimates,Max of Top 100 Fit Estimates,Min of Top 1% Fit Estimates,Best Fit Estimate
p(walk),0.9996974273838177,1.3547223402996417e-11,0.999697427398818,0.9996974273550903,0.9996974273944771
