,Mean of Top 100 Fit Estimates,Std of Top 100 Fit Estimates,Max of Top 100 Fit Estimates,Min of Top 1% Fit Estimates,Best Fit Estimate
p(walk),0.9996405806624299,7.102387646346037e-11,0.9996405807336717,0.9996405804991199,0.9996405807289825
